[{"__symbolic":"module","version":3,"metadata":{"CachedResourceLoader":{"__symbolic":"class","extends":{"__symbolic":"reference","module":"@angular/compiler","name":"ResourceLoader"},"members":{"__ctor__":[{"__symbolic":"constructor"}],"get":[{"__symbolic":"method"}]}}}},{"__symbolic":"module","version":1,"metadata":{"CachedResourceLoader":{"__symbolic":"class","extends":{"__symbolic":"reference","module":"@angular/compiler","name":"ResourceLoader"},"members":{"__ctor__":[{"__symbolic":"constructor"}],"get":[{"__symbolic":"method"}]}}}}]