[{"__symbolic":"module","version":3,"metadata":{},"exports":[{"from":"./platform_providers","export":[{"name":"INTERNAL_BROWSER_DYNAMIC_PLATFORM_PROVIDERS","as":"ɵINTERNAL_BROWSER_DYNAMIC_PLATFORM_PROVIDERS"}]},{"from":"./resource_loader/resource_loader_impl","export":[{"name":"ResourceLoaderImpl","as":"ɵResourceLoaderImpl"}]}]},{"__symbolic":"module","version":1,"metadata":{},"exports":[{"from":"./platform_providers","export":[{"name":"INTERNAL_BROWSER_DYNAMIC_PLATFORM_PROVIDERS","as":"ɵINTERNAL_BROWSER_DYNAMIC_PLATFORM_PROVIDERS"}]},{"from":"./resource_loader/resource_loader_impl","export":[{"name":"ResourceLoaderImpl","as":"ɵResourceLoaderImpl"}]}]}]